Asset,Target,Group,Freq,Horizon,ControlSet,Method,Type,RMSE,MAE,MAPE,R2
WTI Oil,WTI_oil,A,D,1,Heuristic-Z,CausalImpact,Causal,1.731671,1.246868,52462173.7845,-0.0847
WTI Oil,WTI_oil,A,D,1,Heuristic-Z,DML,Causal,2.081238,1.337615,170841839.7959,-0.473
WTI Oil,WTI_oil,A,D,1,Heuristic-Z,VAR+Granger,Causal,1.791604,1.256375,189953021.6971,-0.0929
WTI Oil,WTI_oil,A,D,1,Heuristic-Z,IV-2SLS,Causal,1.710994,1.211779,46452704.1366,0.0045
WTI Oil,WTI_oil,A,D,5,Heuristic-Z,CausalImpact,Causal,1.714867,1.24225,58544443.0614,-0.0782
WTI Oil,WTI_oil,A,D,5,Heuristic-Z,DML,Causal,1.902086,1.302549,170226387.1963,-0.23
WTI Oil,WTI_oil,A,D,5,Heuristic-Z,VAR+Granger,Causal,1.712079,1.217336,78009014.6491,0.002
WTI Oil,WTI_oil,A,D,5,Heuristic-Z,IV-2SLS,Causal,1.722135,1.216611,112751662.3819,-0.0085
WTI Oil,WTI_oil,A,D,21,Heuristic-Z,CausalImpact,Causal,1.473965,1.14119,57375033.4237,-0.0488
WTI Oil,WTI_oil,A,D,21,Heuristic-Z,DML,Causal,1.787633,1.250482,110266084.4694,-0.0836
WTI Oil,WTI_oil,A,D,21,Heuristic-Z,VAR+Granger,Causal,1.71424,1.211556,656176.3174,-0.0005
WTI Oil,WTI_oil,A,D,21,Heuristic-Z,IV-2SLS,Causal,1.720819,1.215758,50751528.8864,-0.0041
WTI Oil,WTI_oil,A,D,1,Expert-DAG,CausalImpact,Causal,1.684732,1.217044,67819216.8759,-0.0267
WTI Oil,WTI_oil,A,D,1,Expert-DAG,DML,Causal,1.837397,1.275636,112917212.6632,-0.1481
WTI Oil,WTI_oil,A,D,1,Expert-DAG,VAR+Granger,Causal,1.768648,1.226575,141074943.0225,-0.065
WTI Oil,WTI_oil,A,D,1,Expert-DAG,IV-2SLS,Causal,1.712673,1.212434,45895921.471,0.0025
WTI Oil,WTI_oil,A,D,5,Expert-DAG,CausalImpact,Causal,1.672266,1.207706,72120107.1011,-0.0253
WTI Oil,WTI_oil,A,D,5,Expert-DAG,DML,Causal,1.826702,1.249308,64197268.5717,-0.1344
WTI Oil,WTI_oil,A,D,5,Expert-DAG,VAR+Granger,Causal,1.70491,1.215061,54621953.867,0.0103
WTI Oil,WTI_oil,A,D,5,Expert-DAG,IV-2SLS,Causal,1.720477,1.213174,119038357.9434,-0.0066
WTI Oil,WTI_oil,A,D,21,Expert-DAG,CausalImpact,Causal,1.443675,1.12024,49136731.353,-0.0062
WTI Oil,WTI_oil,A,D,21,Expert-DAG,DML,Causal,1.794808,1.255158,40128288.5516,-0.0923
WTI Oil,WTI_oil,A,D,21,Expert-DAG,VAR+Granger,Causal,1.715463,1.212383,18556101.2922,-0.002
WTI Oil,WTI_oil,A,D,21,Expert-DAG,IV-2SLS,Causal,1.721544,1.217518,44503283.1506,-0.0049
WTI Oil,WTI_oil,A,D,1,PC-DAG,CausalImpact,Causal,1.727458,1.244198,5467078.7368,-0.0794
WTI Oil,WTI_oil,A,D,1,PC-DAG,DML,Causal,1.823809,1.251727,250445951.5663,-0.1311
WTI Oil,WTI_oil,A,D,1,PC-DAG,VAR+Granger,Causal,1.7781,1.212654,92572943.1089,-0.0765
WTI Oil,WTI_oil,A,D,1,PC-DAG,IV-2SLS,Causal,1.71266,1.212286,44473080.9609,0.0025
WTI Oil,WTI_oil,A,D,5,PC-DAG,CausalImpact,Causal,1.71445,1.23482,5376050.7732,-0.0777
WTI Oil,WTI_oil,A,D,5,PC-DAG,DML,Causal,1.841297,1.26613,511773986.0183,-0.1526
WTI Oil,WTI_oil,A,D,5,PC-DAG,VAR+Granger,Causal,1.707581,1.213876,19017936.2771,0.0072
WTI Oil,WTI_oil,A,D,5,PC-DAG,IV-2SLS,Causal,1.720637,1.213094,122461851.1158,-0.0068
WTI Oil,WTI_oil,A,D,21,PC-DAG,CausalImpact,Causal,1.467699,1.137264,3292109.3836,-0.04
WTI Oil,WTI_oil,A,D,21,PC-DAG,DML,Causal,1.7458,1.228111,99310967.5414,-0.0334
WTI Oil,WTI_oil,A,D,21,PC-DAG,VAR+Granger,Causal,1.71424,1.211558,658160.2799,-0.0005
WTI Oil,WTI_oil,A,D,21,PC-DAG,IV-2SLS,Causal,1.720897,1.216932,41566611.2264,-0.0042
Nat.Gas,NatGas,A,D,1,Heuristic-Z,CausalImpact,Causal,0.896593,0.742985,29.8946,-0.4125
Nat.Gas,NatGas,A,D,1,Heuristic-Z,DML,Causal,0.272028,0.16173,5.2964,0.8699
Nat.Gas,NatGas,A,D,1,Heuristic-Z,VAR+Granger,Causal,0.199389,0.110704,3.6662,0.9301
Nat.Gas,NatGas,A,D,1,Heuristic-Z,IV-2SLS,Causal,0.269152,0.156179,5.1421,0.8726
Nat.Gas,NatGas,A,D,5,Heuristic-Z,CausalImpact,Causal,0.773506,0.611319,23.2732,-0.0462
Nat.Gas,NatGas,A,D,5,Heuristic-Z,DML,Causal,0.45273,0.283128,9.2321,0.64
Nat.Gas,NatGas,A,D,5,Heuristic-Z,VAR+Granger,Causal,0.198868,0.112474,3.7638,0.9304
Nat.Gas,NatGas,A,D,5,Heuristic-Z,IV-2SLS,Causal,0.455887,0.274966,8.993,0.6346
Nat.Gas,NatGas,A,D,21,Heuristic-Z,CausalImpact,Causal,1.131501,0.88961,26.9376,-1.1961
Nat.Gas,NatGas,A,D,21,Heuristic-Z,DML,Causal,0.672209,0.467471,16.2542,0.2093
Nat.Gas,NatGas,A,D,21,Heuristic-Z,VAR+Granger,Causal,0.213245,0.139474,5.0049,0.92
Nat.Gas,NatGas,A,D,21,Heuristic-Z,IV-2SLS,Causal,0.629668,0.433873,15.2262,0.3054
Nat.Gas,NatGas,A,D,1,Expert-DAG,CausalImpact,Causal,0.8999,0.747155,30.078,-0.4229
Nat.Gas,NatGas,A,D,1,Expert-DAG,DML,Causal,0.266429,0.159402,5.2557,0.8752
Nat.Gas,NatGas,A,D,1,Expert-DAG,VAR+Granger,Causal,0.201655,0.111478,3.6987,0.9285
Nat.Gas,NatGas,A,D,1,Expert-DAG,IV-2SLS,Causal,0.269006,0.156006,5.1363,0.8727
Nat.Gas,NatGas,A,D,5,Expert-DAG,CausalImpact,Causal,0.777758,0.616632,23.5355,-0.0577
Nat.Gas,NatGas,A,D,5,Expert-DAG,DML,Causal,0.489448,0.288456,9.3773,0.5793
Nat.Gas,NatGas,A,D,5,Expert-DAG,VAR+Granger,Causal,0.205301,0.119637,4.028,0.9259
Nat.Gas,NatGas,A,D,5,Expert-DAG,IV-2SLS,Causal,0.455879,0.275076,8.9973,0.6346
Nat.Gas,NatGas,A,D,21,Expert-DAG,CausalImpact,Causal,1.134889,0.893997,27.0775,-1.2093
Nat.Gas,NatGas,A,D,21,Expert-DAG,DML,Causal,0.754609,0.551582,19.157,0.0035
Nat.Gas,NatGas,A,D,21,Expert-DAG,VAR+Granger,Causal,0.218732,0.143673,5.1414,0.9158
Nat.Gas,NatGas,A,D,21,Expert-DAG,IV-2SLS,Causal,0.628981,0.432226,15.1445,0.3069
Nat.Gas,NatGas,A,D,1,PC-DAG,CausalImpact,Causal,0.901333,0.747756,30.105,-0.4275
Nat.Gas,NatGas,A,D,1,PC-DAG,DML,Causal,0.265791,0.160807,5.2967,0.8758
Nat.Gas,NatGas,A,D,1,PC-DAG,VAR+Granger,Causal,0.200382,0.110911,3.6724,0.9294
Nat.Gas,NatGas,A,D,1,PC-DAG,IV-2SLS,Causal,0.269006,0.156006,5.1363,0.8727
Nat.Gas,NatGas,A,D,5,PC-DAG,CausalImpact,Causal,0.776449,0.614873,23.4435,-0.0541
Nat.Gas,NatGas,A,D,5,PC-DAG,DML,Causal,0.455727,0.282518,9.3032,0.6352
Nat.Gas,NatGas,A,D,5,PC-DAG,VAR+Granger,Causal,0.199308,0.112313,3.7654,0.9301
Nat.Gas,NatGas,A,D,5,PC-DAG,IV-2SLS,Causal,0.455879,0.275076,8.9973,0.6346
Nat.Gas,NatGas,A,D,21,PC-DAG,CausalImpact,Causal,1.129766,0.888254,26.8996,-1.1894
Nat.Gas,NatGas,A,D,21,PC-DAG,DML,Causal,0.638846,0.459788,16.2067,0.2858
Nat.Gas,NatGas,A,D,21,PC-DAG,VAR+Granger,Causal,0.214912,0.141279,5.0984,0.9187
Nat.Gas,NatGas,A,D,21,PC-DAG,IV-2SLS,Causal,0.628981,0.432226,15.1445,0.3069
Gold,Gold,A,D,1,Heuristic-Z,CausalImpact,Causal,48.447214,26.723773,99278717.0829,-0.0594
Gold,Gold,A,D,1,Heuristic-Z,DML,Causal,48.36991,27.808484,2371752431.9133,-0.0519
Gold,Gold,A,D,1,Heuristic-Z,VAR+Granger,Causal,47.22022,26.785873,678939543.0012,-0.0037
Gold,Gold,A,D,1,Heuristic-Z,IV-2SLS,Causal,47.210834,26.684656,391737847.6075,-0.0021
Gold,Gold,A,D,5,Heuristic-Z,CausalImpact,Causal,46.839096,26.193605,65398396.5632,-0.011
Gold,Gold,A,D,5,Heuristic-Z,DML,Causal,48.085808,27.048179,1243345532.3535,-0.0383
Gold,Gold,A,D,5,Heuristic-Z,VAR+Granger,Causal,47.23152,26.588405,48467646.1422,-0.0042
Gold,Gold,A,D,5,Heuristic-Z,IV-2SLS,Causal,47.213182,26.618739,427603970.1666,-0.0022
Gold,Gold,A,D,21,Heuristic-Z,CausalImpact,Causal,44.450319,24.750797,88239616.9155,-0.0276
Gold,Gold,A,D,21,Heuristic-Z,DML,Causal,47.38534,27.217242,2070675008.8297,-0.0047
Gold,Gold,A,D,21,Heuristic-Z,VAR+Granger,Causal,47.243856,26.570561,55691349.3735,-0.0047
Gold,Gold,A,D,21,Heuristic-Z,IV-2SLS,Causal,47.37839,26.722483,292242318.3663,-0.0044
Gold,Gold,A,D,1,Expert-DAG,CausalImpact,Causal,47.162574,26.472262,4210160.9461,-0.004
Gold,Gold,A,D,1,Expert-DAG,DML,Causal,48.495234,27.758991,162531320.9897,-0.0574
Gold,Gold,A,D,1,Expert-DAG,VAR+Granger,Causal,47.162646,26.795879,581286000.7293,-0.0013
Gold,Gold,A,D,1,Expert-DAG,IV-2SLS,Causal,47.210834,26.684656,391737847.6075,-0.0021
Gold,Gold,A,D,5,Expert-DAG,CausalImpact,Causal,46.665972,26.119791,13924166.5073,-0.0035
Gold,Gold,A,D,5,Expert-DAG,DML,Causal,48.04021,26.95735,658991633.3396,-0.0363
Gold,Gold,A,D,5,Expert-DAG,VAR+Granger,Causal,47.072956,26.659641,193515778.8084,0.0025
Gold,Gold,A,D,5,Expert-DAG,IV-2SLS,Causal,47.213182,26.618739,427603970.1666,-0.0022
Gold,Gold,A,D,21,Expert-DAG,CausalImpact,Causal,44.077595,24.815731,1523236.0543,-0.0104
Gold,Gold,A,D,21,Expert-DAG,DML,Causal,47.286859,26.917372,333391533.0271,-0.0005
Gold,Gold,A,D,21,Expert-DAG,VAR+Granger,Causal,47.252044,26.580032,49209269.2924,-0.0051
Gold,Gold,A,D,21,Expert-DAG,IV-2SLS,Causal,47.37839,26.722483,292242318.3663,-0.0044
Gold,Gold,A,D,1,PC-DAG,CausalImpact,Causal,48.066848,26.658606,60458698.3362,-0.0429
Gold,Gold,A,D,1,PC-DAG,DML,Causal,47.888786,27.494001,1021023009.8231,-0.0311
Gold,Gold,A,D,1,PC-DAG,VAR+Granger,Causal,47.22022,26.785873,678939543.0012,-0.0037
Gold,Gold,A,D,1,PC-DAG,IV-2SLS,Causal,47.210834,26.684656,391737847.6075,-0.0021
Gold,Gold,A,D,5,PC-DAG,CausalImpact,Causal,46.779779,26.191472,59537390.0996,-0.0084
Gold,Gold,A,D,5,PC-DAG,DML,Causal,48.381741,27.320217,559928994.3154,-0.0511
Gold,Gold,A,D,5,PC-DAG,VAR+Granger,Causal,47.23152,26.588405,48467646.1422,-0.0042
Gold,Gold,A,D,5,PC-DAG,IV-2SLS,Causal,47.213182,26.618739,427603970.1666,-0.0022
Gold,Gold,A,D,21,PC-DAG,CausalImpact,Causal,44.159187,24.703259,52156131.2228,-0.0141
Gold,Gold,A,D,21,PC-DAG,DML,Causal,47.308336,27.079123,214458290.473,-0.0014
Gold,Gold,A,D,21,PC-DAG,VAR+Granger,Causal,47.243856,26.570561,55691349.3735,-0.0047
Gold,Gold,A,D,21,PC-DAG,IV-2SLS,Causal,47.37839,26.722483,292242318.3663,-0.0044
EUR/USD,EURUSD,B,D,1,Heuristic-Z,CausalImpact,Causal,0.00512,0.003809,57653.1734,-0.0804
EUR/USD,EURUSD,B,D,1,Heuristic-Z,DML,Causal,0.005004,0.003719,230191.3361,-0.029
EUR/USD,EURUSD,B,D,1,Heuristic-Z,VAR+Granger,Causal,0.004977,0.0037,92484.4978,-0.0196
EUR/USD,EURUSD,B,D,1,Heuristic-Z,IV-2SLS,Causal,0.004692,0.003496,225765.1653,0.0944
EUR/USD,EURUSD,B,D,5,Heuristic-Z,CausalImpact,Causal,0.005031,0.003736,32093.0916,-0.0466
EUR/USD,EURUSD,B,D,5,Heuristic-Z,DML,Causal,0.004992,0.003698,1146809.879,-0.0243
EUR/USD,EURUSD,B,D,5,Heuristic-Z,VAR+Granger,Causal,0.004931,0.003671,51451.6678,-0.0007
EUR/USD,EURUSD,B,D,5,Heuristic-Z,IV-2SLS,Causal,0.004972,0.003694,348005.1227,-0.016
EUR/USD,EURUSD,B,D,21,Heuristic-Z,CausalImpact,Causal,0.004849,0.003597,54588.878,0.0174
EUR/USD,EURUSD,B,D,21,Heuristic-Z,DML,Causal,0.005469,0.004047,2211384.3668,-0.2249
EUR/USD,EURUSD,B,D,21,Heuristic-Z,VAR+Granger,Causal,0.004931,0.00367,47795.8576,-0.0011
EUR/USD,EURUSD,B,D,21,Heuristic-Z,IV-2SLS,Causal,0.004957,0.003682,174614.4215,-0.0071
EUR/USD,EURUSD,B,D,1,Expert-DAG,CausalImpact,Causal,0.006499,0.004632,922937.7747,-0.7409
EUR/USD,EURUSD,B,D,1,Expert-DAG,DML,Causal,0.004919,0.003689,744996.8287,0.0058
EUR/USD,EURUSD,B,D,1,Expert-DAG,VAR+Granger,Causal,0.006109,0.004313,1007466.1212,-0.5363
EUR/USD,EURUSD,B,D,1,Expert-DAG,IV-2SLS,Causal,0.004692,0.003496,225765.1653,0.0944
EUR/USD,EURUSD,B,D,5,Expert-DAG,CausalImpact,Causal,0.004959,0.003692,69765.5166,-0.0166
EUR/USD,EURUSD,B,D,5,Expert-DAG,DML,Causal,0.005433,0.003983,1056871.0891,-0.2132
EUR/USD,EURUSD,B,D,5,Expert-DAG,VAR+Granger,Causal,0.005006,0.003748,293822.0432,-0.0316
EUR/USD,EURUSD,B,D,5,Expert-DAG,IV-2SLS,Causal,0.004972,0.003694,348005.1227,-0.016
EUR/USD,EURUSD,B,D,21,Expert-DAG,CausalImpact,Causal,0.004881,0.003631,142354.084,0.0042
EUR/USD,EURUSD,B,D,21,Expert-DAG,DML,Causal,0.005292,0.00398,1964087.7891,-0.1467
EUR/USD,EURUSD,B,D,21,Expert-DAG,VAR+Granger,Causal,0.004933,0.00367,58274.1809,-0.0016
EUR/USD,EURUSD,B,D,21,Expert-DAG,IV-2SLS,Causal,0.004957,0.003682,174614.4215,-0.0071
EUR/USD,EURUSD,B,D,1,PC-DAG,CausalImpact,Causal,0.006335,0.004514,1480148.0408,-0.6542
EUR/USD,EURUSD,B,D,1,PC-DAG,DML,Causal,0.005155,0.003859,1296427.3238,-0.0923
EUR/USD,EURUSD,B,D,1,PC-DAG,VAR+Granger,Causal,0.005902,0.004122,863589.1573,-0.4338
EUR/USD,EURUSD,B,D,1,PC-DAG,IV-2SLS,Causal,0.004692,0.003496,225765.1653,0.0944
EUR/USD,EURUSD,B,D,5,PC-DAG,CausalImpact,Causal,0.004955,0.00368,116836.1223,-0.0151
EUR/USD,EURUSD,B,D,5,PC-DAG,DML,Causal,0.005377,0.003976,563719.0316,-0.1881
EUR/USD,EURUSD,B,D,5,PC-DAG,VAR+Granger,Causal,0.004938,0.003674,57579.9854,-0.0037
EUR/USD,EURUSD,B,D,5,PC-DAG,IV-2SLS,Causal,0.004972,0.003694,348005.1227,-0.016
EUR/USD,EURUSD,B,D,21,PC-DAG,CausalImpact,Causal,0.004887,0.00363,112649.9617,0.0017
EUR/USD,EURUSD,B,D,21,PC-DAG,DML,Causal,0.005278,0.00398,1741205.8278,-0.1406
EUR/USD,EURUSD,B,D,21,PC-DAG,VAR+Granger,Causal,0.004931,0.00367,48378.2068,-0.0011
EUR/USD,EURUSD,B,D,21,PC-DAG,IV-2SLS,Causal,0.004957,0.003682,174614.4215,-0.0071
GBP/USD,GBPUSD,B,D,1,Heuristic-Z,CausalImpact,Causal,0.005897,0.004551,34933.0813,-0.0192
GBP/USD,GBPUSD,B,D,1,Heuristic-Z,DML,Causal,0.005974,0.004601,170637.0372,-0.044
GBP/USD,GBPUSD,B,D,1,Heuristic-Z,VAR+Granger,Causal,0.005862,0.004523,56118.89,-0.0042
GBP/USD,GBPUSD,B,D,1,Heuristic-Z,IV-2SLS,Causal,0.005543,0.004268,178117.2053,0.1013
GBP/USD,GBPUSD,B,D,5,Heuristic-Z,CausalImpact,Causal,0.005975,0.004602,30878.2335,-0.0496
GBP/USD,GBPUSD,B,D,5,Heuristic-Z,DML,Causal,0.006026,0.004649,497813.8393,-0.0623
GBP/USD,GBPUSD,B,D,5,Heuristic-Z,VAR+Granger,Causal,0.005853,0.004519,32124.3679,-0.0013
GBP/USD,GBPUSD,B,D,5,Heuristic-Z,IV-2SLS,Causal,0.00613,0.004684,296952.6674,-0.0993
GBP/USD,GBPUSD,B,D,21,Heuristic-Z,CausalImpact,Causal,0.005816,0.004479,33855.6481,-0.0089
GBP/USD,GBPUSD,B,D,21,Heuristic-Z,DML,Causal,0.006194,0.004807,2202051.5532,-0.1189
GBP/USD,GBPUSD,B,D,21,Heuristic-Z,VAR+Granger,Causal,0.005853,0.004519,32124.3516,-0.0013
GBP/USD,GBPUSD,B,D,21,Heuristic-Z,IV-2SLS,Causal,0.005966,0.004592,171359.33,-0.0384
GBP/USD,GBPUSD,B,D,1,Expert-DAG,CausalImpact,Causal,0.007597,0.005646,140491.7292,-0.6916
GBP/USD,GBPUSD,B,D,1,Expert-DAG,DML,Causal,0.006092,0.004642,437911.9564,-0.0856
GBP/USD,GBPUSD,B,D,1,Expert-DAG,VAR+Granger,Causal,0.006784,0.004905,667581.1355,-0.345
GBP/USD,GBPUSD,B,D,1,Expert-DAG,IV-2SLS,Causal,0.005543,0.004268,178117.2053,0.1013
GBP/USD,GBPUSD,B,D,5,Expert-DAG,CausalImpact,Causal,0.005835,0.004497,28993.1889,-0.0009
GBP/USD,GBPUSD,B,D,5,Expert-DAG,DML,Causal,0.006365,0.004798,1288878.2216,-0.185
GBP/USD,GBPUSD,B,D,5,Expert-DAG,VAR+Granger,Causal,0.005858,0.004552,137649.028,-0.0028
GBP/USD,GBPUSD,B,D,5,Expert-DAG,IV-2SLS,Causal,0.00613,0.004684,296952.6674,-0.0993
GBP/USD,GBPUSD,B,D,21,Expert-DAG,CausalImpact,Causal,0.005803,0.004467,179945.2821,-0.0047
GBP/USD,GBPUSD,B,D,21,Expert-DAG,DML,Causal,0.006345,0.004926,1887117.0339,-0.1741
GBP/USD,GBPUSD,B,D,21,Expert-DAG,VAR+Granger,Causal,0.005854,0.00452,30601.6019,-0.0015
GBP/USD,GBPUSD,B,D,21,Expert-DAG,IV-2SLS,Causal,0.005966,0.004592,171359.33,-0.0384
GBP/USD,GBPUSD,B,D,1,PC-DAG,CausalImpact,Causal,0.007168,0.005304,1184218.8259,-0.5062
GBP/USD,GBPUSD,B,D,1,PC-DAG,DML,Causal,0.005975,0.004545,1248858.313,-0.0443
GBP/USD,GBPUSD,B,D,1,PC-DAG,VAR+Granger,Causal,0.006537,0.004676,403228.9574,-0.2488
GBP/USD,GBPUSD,B,D,1,PC-DAG,IV-2SLS,Causal,0.005543,0.004268,178117.2053,0.1013
GBP/USD,GBPUSD,B,D,5,PC-DAG,CausalImpact,Causal,0.005831,0.004495,29347.6212,0.0002
GBP/USD,GBPUSD,B,D,5,PC-DAG,DML,Causal,0.006039,0.004686,270375.7876,-0.0667
GBP/USD,GBPUSD,B,D,5,PC-DAG,VAR+Granger,Causal,0.005853,0.004518,88716.3172,-0.0009
GBP/USD,GBPUSD,B,D,5,PC-DAG,IV-2SLS,Causal,0.00613,0.004684,296952.6674,-0.0993
GBP/USD,GBPUSD,B,D,21,PC-DAG,CausalImpact,Causal,0.005798,0.004466,59002.8599,-0.0028
GBP/USD,GBPUSD,B,D,21,PC-DAG,DML,Causal,0.0063,0.004922,1786639.2968,-0.1575
GBP/USD,GBPUSD,B,D,21,PC-DAG,VAR+Granger,Causal,0.005852,0.004517,68110.9698,-0.0006
GBP/USD,GBPUSD,B,D,21,PC-DAG,IV-2SLS,Causal,0.005966,0.004592,171359.33,-0.0384
USD/JPY,USDJPY,B,D,1,Heuristic-Z,CausalImpact,Causal,0.887002,0.674907,82485373.7438,0.0369
USD/JPY,USDJPY,B,D,1,Heuristic-Z,DML,Causal,0.868747,0.631749,286693849.9854,0.0783
USD/JPY,USDJPY,B,D,1,Heuristic-Z,VAR+Granger,Causal,0.844391,0.616856,244443547.499,0.1273
USD/JPY,USDJPY,B,D,1,Heuristic-Z,IV-2SLS,Causal,0.777073,0.576504,104207840.2947,0.2617
USD/JPY,USDJPY,B,D,5,Heuristic-Z,CausalImpact,Causal,0.920659,0.682584,19121753.1251,-0.0358
USD/JPY,USDJPY,B,D,5,Heuristic-Z,DML,Causal,0.929101,0.693478,215272115.1393,-0.0542
USD/JPY,USDJPY,B,D,5,Heuristic-Z,VAR+Granger,Causal,0.897504,0.669855,20451704.0632,0.014
USD/JPY,USDJPY,B,D,5,Heuristic-Z,IV-2SLS,Causal,0.907023,0.677956,56464838.8545,-0.0047
USD/JPY,USDJPY,B,D,21,Heuristic-Z,CausalImpact,Causal,0.919804,0.681982,15196645.3928,-0.0289
USD/JPY,USDJPY,B,D,21,Heuristic-Z,DML,Causal,0.930687,0.69021,98862067.9892,-0.0567
USD/JPY,USDJPY,B,D,21,Heuristic-Z,VAR+Granger,Causal,0.904196,0.673866,6108715.6315,-0.0007
USD/JPY,USDJPY,B,D,21,Heuristic-Z,IV-2SLS,Causal,0.909221,0.676007,15686979.7807,-0.0095
USD/JPY,USDJPY,B,D,1,Expert-DAG,CausalImpact,Causal,0.980068,0.730716,227166264.0994,-0.1758
USD/JPY,USDJPY,B,D,1,Expert-DAG,DML,Causal,0.728588,0.535998,153140879.5234,0.3517
USD/JPY,USDJPY,B,D,1,Expert-DAG,VAR+Granger,Causal,0.840031,0.616486,158208278.2963,0.1362
USD/JPY,USDJPY,B,D,1,Expert-DAG,IV-2SLS,Causal,0.777073,0.576504,104207840.2947,0.2617
USD/JPY,USDJPY,B,D,5,Expert-DAG,CausalImpact,Causal,0.904542,0.674951,29795614.8506,0.0002
USD/JPY,USDJPY,B,D,5,Expert-DAG,DML,Causal,0.922728,0.689148,92543177.0843,-0.0398
USD/JPY,USDJPY,B,D,5,Expert-DAG,VAR+Granger,Causal,0.889777,0.665238,43018195.1672,0.0309
USD/JPY,USDJPY,B,D,5,Expert-DAG,IV-2SLS,Causal,0.907023,0.677956,56464838.8545,-0.0047
USD/JPY,USDJPY,B,D,21,Expert-DAG,CausalImpact,Causal,0.906575,0.67441,14488312.2305,0.0005
USD/JPY,USDJPY,B,D,21,Expert-DAG,DML,Causal,0.930839,0.6908,108099241.0594,-0.057
USD/JPY,USDJPY,B,D,21,Expert-DAG,VAR+Granger,Causal,0.90427,0.673978,6482863.7343,-0.0009
USD/JPY,USDJPY,B,D,21,Expert-DAG,IV-2SLS,Causal,0.909221,0.676007,15686979.7807,-0.0095
USD/JPY,USDJPY,B,D,1,PC-DAG,CausalImpact,Causal,1.016461,0.749162,181939068.5366,-0.2647
USD/JPY,USDJPY,B,D,1,PC-DAG,DML,Causal,0.825047,0.603427,134312622.8021,0.1687
USD/JPY,USDJPY,B,D,1,PC-DAG,VAR+Granger,Causal,0.840031,0.616486,158208278.2963,0.1362
USD/JPY,USDJPY,B,D,1,PC-DAG,IV-2SLS,Causal,0.777073,0.576504,104207840.2947,0.2617
USD/JPY,USDJPY,B,D,5,PC-DAG,CausalImpact,Causal,0.905974,0.67649,26730964.3672,-0.003
USD/JPY,USDJPY,B,D,5,PC-DAG,DML,Causal,0.927268,0.694773,77500651.0873,-0.05
USD/JPY,USDJPY,B,D,5,PC-DAG,VAR+Granger,Causal,0.889777,0.665238,43018195.1672,0.0309
USD/JPY,USDJPY,B,D,5,PC-DAG,IV-2SLS,Causal,0.907023,0.677956,56464838.8545,-0.0047
USD/JPY,USDJPY,B,D,21,PC-DAG,CausalImpact,Causal,0.90691,0.675008,16018320.7949,-0.0002
USD/JPY,USDJPY,B,D,21,PC-DAG,DML,Causal,0.929647,0.692435,121444003.801,-0.0543
USD/JPY,USDJPY,B,D,21,PC-DAG,VAR+Granger,Causal,0.90427,0.673978,6482863.7343,-0.0009
USD/JPY,USDJPY,B,D,21,PC-DAG,IV-2SLS,Causal,0.909221,0.676007,15686979.7807,-0.0095
CPI,CPI,C,ME,1,Heuristic-Z,CausalImpact,Causal,0.416626,0.308033,5990035916.2144,-0.1118
CPI,CPI,C,ME,1,Heuristic-Z,DML,Causal,0.575907,0.478871,5720885827.3281,-0.9896
CPI,CPI,C,ME,1,Heuristic-Z,VAR+Granger,Causal,0.530608,0.463785,6092161121.0178,-0.7038
CPI,CPI,C,ME,1,Heuristic-Z,IV-2SLS,Causal,0.587006,0.456418,9605130278.4387,-1.067
CPI,CPI,C,ME,3,Heuristic-Z,CausalImpact,Causal,0.433864,0.359298,2233422140.5162,-0.2602
CPI,CPI,C,ME,3,Heuristic-Z,DML,Causal,0.653209,0.492191,7819323132.3765,-1.5047
CPI,CPI,C,ME,3,Heuristic-Z,VAR+Granger,Causal,0.429007,0.328923,3949300700.2698,-0.1138
CPI,CPI,C,ME,3,Heuristic-Z,IV-2SLS,Causal,0.575474,0.490907,5110225797.4021,-0.9866
CPI,CPI,C,ME,6,Heuristic-Z,CausalImpact,Causal,0.550399,0.440152,3374145502.2958,-0.8846
CPI,CPI,C,ME,6,Heuristic-Z,DML,Causal,0.685035,0.548789,7509580296.7766,-1.7547
CPI,CPI,C,ME,6,Heuristic-Z,VAR+Granger,Causal,0.439885,0.347606,4017306399.0369,-0.171
CPI,CPI,C,ME,6,Heuristic-Z,IV-2SLS,Causal,0.590911,0.47734,5993617236.6516,-1.0497
CPI,CPI,C,ME,1,Expert-DAG,CausalImpact,Causal,0.416172,0.340445,4425646304.787,-0.1094
CPI,CPI,C,ME,1,Expert-DAG,DML,Causal,0.619408,0.501241,7102620209.9708,-1.3015
CPI,CPI,C,ME,1,Expert-DAG,VAR+Granger,Causal,0.621179,0.490461,7967090573.4414,-1.3351
CPI,CPI,C,ME,1,Expert-DAG,IV-2SLS,Causal,0.587006,0.456418,9605130278.4387,-1.067
CPI,CPI,C,ME,3,Expert-DAG,CausalImpact,Causal,0.523949,0.43447,3544830679.3405,-0.8378
CPI,CPI,C,ME,3,Expert-DAG,DML,Causal,0.561749,0.434138,4707389733.1333,-0.8524
CPI,CPI,C,ME,3,Expert-DAG,VAR+Granger,Causal,0.615532,0.52851,6020722230.9941,-1.2929
CPI,CPI,C,ME,3,Expert-DAG,IV-2SLS,Causal,0.575474,0.490907,5110225797.4021,-0.9866
CPI,CPI,C,ME,6,Expert-DAG,CausalImpact,Causal,0.446614,0.368841,2801474948.9953,-0.2409
CPI,CPI,C,ME,6,Expert-DAG,DML,Causal,0.701127,0.526612,3541221724.0791,-1.8857
CPI,CPI,C,ME,6,Expert-DAG,VAR+Granger,Causal,0.534993,0.424755,4801431856.7577,-0.7321
CPI,CPI,C,ME,6,Expert-DAG,IV-2SLS,Causal,0.590911,0.47734,5993617236.6516,-1.0497
CPI,CPI,C,ME,1,PC-DAG,CausalImpact,Causal,0.520606,0.408239,5289833416.9701,-0.736
CPI,CPI,C,ME,1,PC-DAG,DML,Causal,0.629042,0.507464,6909555996.5554,-1.3736
CPI,CPI,C,ME,1,PC-DAG,VAR+Granger,Causal,0.51627,0.414291,8227511664.6597,-0.613
CPI,CPI,C,ME,1,PC-DAG,IV-2SLS,Causal,0.587006,0.456418,9605130278.4387,-1.067
CPI,CPI,C,ME,3,PC-DAG,CausalImpact,Causal,0.492718,0.402137,3238249069.6504,-0.6252
CPI,CPI,C,ME,3,PC-DAG,DML,Causal,0.600248,0.473798,4790950314.4478,-1.115
CPI,CPI,C,ME,3,PC-DAG,VAR+Granger,Causal,0.465152,0.364908,5005049555.4514,-0.3094
CPI,CPI,C,ME,3,PC-DAG,IV-2SLS,Causal,0.575474,0.490907,5110225797.4021,-0.9866
CPI,CPI,C,ME,6,PC-DAG,CausalImpact,Causal,0.484223,0.403484,2711870398.9255,-0.4586
CPI,CPI,C,ME,6,PC-DAG,DML,Causal,0.615622,0.45557,2826559550.6994,-1.2247
CPI,CPI,C,ME,6,PC-DAG,VAR+Granger,Causal,0.464263,0.377437,4519484473.7141,-0.3044
CPI,CPI,C,ME,6,PC-DAG,IV-2SLS,Causal,0.590911,0.47734,5993617236.6516,-1.0497
IndProd,IndProd,C,ME,1,Heuristic-Z,CausalImpact,Causal,2.156175,1.985843,1.9632,-6.0112
IndProd,IndProd,C,ME,1,Heuristic-Z,DML,Causal,0.864615,0.657865,0.6507,-0.0145
IndProd,IndProd,C,ME,1,Heuristic-Z,VAR+Granger,Causal,1.090015,0.862249,0.8553,-0.6495
IndProd,IndProd,C,ME,1,Heuristic-Z,IV-2SLS,Causal,0.913322,0.728845,0.7215,-0.132
IndProd,IndProd,C,ME,3,Heuristic-Z,CausalImpact,Causal,1.195104,0.960002,0.9573,-1.7251
IndProd,IndProd,C,ME,3,Heuristic-Z,DML,Causal,1.76383,1.196343,1.1798,-3.1048
IndProd,IndProd,C,ME,3,Heuristic-Z,VAR+Granger,Causal,1.824082,1.435911,1.4225,-3.6192
IndProd,IndProd,C,ME,3,Heuristic-Z,IV-2SLS,Causal,1.104412,0.927445,0.9175,-0.6552
IndProd,IndProd,C,ME,6,Heuristic-Z,CausalImpact,Causal,0.649539,0.490078,0.4884,0.0402
IndProd,IndProd,C,ME,6,Heuristic-Z,DML,Causal,3.623456,2.307962,2.2819,-16.323
IndProd,IndProd,C,ME,6,Heuristic-Z,VAR+Granger,Causal,1.921899,1.495821,1.4812,-4.1279
IndProd,IndProd,C,ME,6,Heuristic-Z,IV-2SLS,Causal,1.352652,1.153416,1.1406,-1.4141
IndProd,IndProd,C,ME,1,Expert-DAG,CausalImpact,Causal,2.65797,2.484946,2.4574,-9.6543
IndProd,IndProd,C,ME,1,Expert-DAG,DML,Causal,0.878868,0.671355,0.6642,-0.0482
IndProd,IndProd,C,ME,1,Expert-DAG,VAR+Granger,Causal,1.050642,0.802825,0.798,-0.5324
IndProd,IndProd,C,ME,1,Expert-DAG,IV-2SLS,Causal,0.913322,0.728845,0.7215,-0.132
IndProd,IndProd,C,ME,3,Expert-DAG,CausalImpact,Causal,0.835172,0.633164,0.6312,-0.3308
IndProd,IndProd,C,ME,3,Expert-DAG,DML,Causal,2.875353,1.814873,1.7892,-9.9084
IndProd,IndProd,C,ME,3,Expert-DAG,VAR+Granger,Causal,1.768284,1.459503,1.4452,-3.3409
IndProd,IndProd,C,ME,3,Expert-DAG,IV-2SLS,Causal,1.104412,0.927445,0.9175,-0.6552
IndProd,IndProd,C,ME,6,Expert-DAG,CausalImpact,Causal,0.67287,0.52637,0.5244,-0.03
IndProd,IndProd,C,ME,6,Expert-DAG,DML,Causal,3.270646,1.951008,1.9279,-13.1138
IndProd,IndProd,C,ME,6,Expert-DAG,VAR+Granger,Causal,1.87246,1.465181,1.4493,-3.8674
IndProd,IndProd,C,ME,6,Expert-DAG,IV-2SLS,Causal,1.352652,1.153416,1.1406,-1.4141
IndProd,IndProd,C,ME,1,PC-DAG,CausalImpact,Causal,2.753719,2.578282,2.5498,-10.4357
IndProd,IndProd,C,ME,1,PC-DAG,DML,Causal,0.899247,0.731838,0.7249,-0.0974
IndProd,IndProd,C,ME,1,PC-DAG,VAR+Granger,Causal,1.067122,0.827881,0.8209,-0.5809
IndProd,IndProd,C,ME,1,PC-DAG,IV-2SLS,Causal,0.913322,0.728845,0.7215,-0.132
IndProd,IndProd,C,ME,3,PC-DAG,CausalImpact,Causal,0.818847,0.615724,0.6137,-0.2793
IndProd,IndProd,C,ME,3,PC-DAG,DML,Causal,3.212124,1.873639,1.8446,-12.6133
IndProd,IndProd,C,ME,3,PC-DAG,VAR+Granger,Causal,1.579333,1.316659,1.3045,-2.4628
IndProd,IndProd,C,ME,3,PC-DAG,IV-2SLS,Causal,1.104412,0.927445,0.9175,-0.6552
IndProd,IndProd,C,ME,6,PC-DAG,CausalImpact,Causal,0.672717,0.527346,0.5253,-0.0296
IndProd,IndProd,C,ME,6,PC-DAG,DML,Causal,3.100614,1.93257,1.9101,-11.6845
IndProd,IndProd,C,ME,6,PC-DAG,VAR+Granger,Causal,1.810157,1.303893,1.2926,-3.5489
IndProd,IndProd,C,ME,6,PC-DAG,IV-2SLS,Causal,1.352652,1.153416,1.1406,-1.4141
UMCSENT,UMCSENT,C,ME,1,Heuristic-Z,CausalImpact,Causal,4.042415,3.105342,4999994631.1578,0.0898
UMCSENT,UMCSENT,C,ME,1,Heuristic-Z,DML,Causal,4.26093,3.491636,11846775823.2213,-0.0167
UMCSENT,UMCSENT,C,ME,1,Heuristic-Z,VAR+Granger,Causal,4.25472,3.450272,10395256272.8519,-0.0362
UMCSENT,UMCSENT,C,ME,1,Heuristic-Z,IV-2SLS,Causal,4.237295,3.180219,1509349084.155,-0.0054
UMCSENT,UMCSENT,C,ME,3,Heuristic-Z,CausalImpact,Causal,4.595641,3.681477,1229477172.7532,-0.1112
UMCSENT,UMCSENT,C,ME,3,Heuristic-Z,DML,Causal,4.951272,3.874454,10368111669.4646,-0.3794
UMCSENT,UMCSENT,C,ME,3,Heuristic-Z,VAR+Granger,Causal,4.897292,3.818449,6471948496.6169,-0.3729
UMCSENT,UMCSENT,C,ME,3,Heuristic-Z,IV-2SLS,Causal,4.252018,3.01544,4163460517.3063,-0.0124
UMCSENT,UMCSENT,C,ME,6,Heuristic-Z,CausalImpact,Causal,4.963823,3.873374,2955396128.8343,-0.2276
UMCSENT,UMCSENT,C,ME,6,Heuristic-Z,DML,Causal,5.371079,4.369578,32820662357.7376,-0.6233
UMCSENT,UMCSENT,C,ME,6,Heuristic-Z,VAR+Granger,Causal,4.579225,3.517985,10377871326.0632,-0.2003
UMCSENT,UMCSENT,C,ME,6,Heuristic-Z,IV-2SLS,Causal,4.111472,3.03899,3540973689.4579,0.0488
UMCSENT,UMCSENT,C,ME,1,Expert-DAG,CausalImpact,Causal,4.304854,3.346172,3493986236.0272,-0.0322
UMCSENT,UMCSENT,C,ME,1,Expert-DAG,DML,Causal,3.905971,3.120328,12137634272.1792,0.1456
UMCSENT,UMCSENT,C,ME,1,Expert-DAG,VAR+Granger,Causal,4.132788,3.215447,3927009220.5627,0.0223
UMCSENT,UMCSENT,C,ME,1,Expert-DAG,IV-2SLS,Causal,4.237295,3.180219,1509349084.155,-0.0054
UMCSENT,UMCSENT,C,ME,3,Expert-DAG,CausalImpact,Causal,4.444686,3.545356,1347258104.4109,-0.0394
UMCSENT,UMCSENT,C,ME,3,Expert-DAG,DML,Causal,4.557505,3.461657,11099593856.2194,-0.1687
UMCSENT,UMCSENT,C,ME,3,Expert-DAG,VAR+Granger,Causal,4.270402,3.287723,802895332.1216,-0.0439
UMCSENT,UMCSENT,C,ME,3,Expert-DAG,IV-2SLS,Causal,4.252018,3.01544,4163460517.3063,-0.0124
UMCSENT,UMCSENT,C,ME,6,Expert-DAG,CausalImpact,Causal,4.606417,3.699404,463124806.8681,-0.0572
UMCSENT,UMCSENT,C,ME,6,Expert-DAG,DML,Causal,4.93554,3.635449,14087452689.8393,-0.3707
UMCSENT,UMCSENT,C,ME,6,Expert-DAG,VAR+Granger,Causal,4.198725,3.251896,608749653.4392,-0.0091
UMCSENT,UMCSENT,C,ME,6,Expert-DAG,IV-2SLS,Causal,4.111472,3.03899,3540973689.4579,0.0488
UMCSENT,UMCSENT,C,ME,1,PC-DAG,CausalImpact,Causal,4.271682,3.325906,2033914867.1546,-0.0163
UMCSENT,UMCSENT,C,ME,1,PC-DAG,DML,Causal,4.369584,3.384766,14496280182.0765,-0.0692
UMCSENT,UMCSENT,C,ME,1,PC-DAG,VAR+Granger,Causal,4.132788,3.215447,3927009220.5627,0.0223
UMCSENT,UMCSENT,C,ME,1,PC-DAG,IV-2SLS,Causal,4.237295,3.180219,1509349084.155,-0.0054
UMCSENT,UMCSENT,C,ME,3,PC-DAG,CausalImpact,Causal,4.383399,3.507965,1227153742.4204,-0.011
UMCSENT,UMCSENT,C,ME,3,PC-DAG,DML,Causal,4.794178,3.481663,6518022174.1029,-0.2933
UMCSENT,UMCSENT,C,ME,3,PC-DAG,VAR+Granger,Causal,4.270402,3.287723,802895332.1216,-0.0439
UMCSENT,UMCSENT,C,ME,3,PC-DAG,IV-2SLS,Causal,4.252018,3.01544,4163460517.3063,-0.0124
UMCSENT,UMCSENT,C,ME,6,PC-DAG,CausalImpact,Causal,4.492333,3.587051,513034933.3904,-0.0054
UMCSENT,UMCSENT,C,ME,6,PC-DAG,DML,Causal,5.201488,3.758898,8395134963.7358,-0.5224
UMCSENT,UMCSENT,C,ME,6,PC-DAG,VAR+Granger,Causal,4.198725,3.251896,608749653.4392,-0.0091
UMCSENT,UMCSENT,C,ME,6,PC-DAG,IV-2SLS,Causal,4.111472,3.03899,3540973689.4579,0.0488
Bitcoin,BTC,D,D,1,Heuristic-Z,CausalImpact,Causal,2294.844264,1654.87406,166.1632,-0.1556
Bitcoin,BTC,D,D,1,Heuristic-Z,DML,Causal,2240.455181,1621.932795,228.1258,-0.1014
Bitcoin,BTC,D,D,1,Heuristic-Z,VAR+Granger,Causal,2168.36997,1553.464807,155.4504,-0.034
Bitcoin,BTC,D,D,1,Heuristic-Z,IV-2SLS,Causal,2148.539479,1546.770259,122.6739,-0.0152
Bitcoin,BTC,D,D,5,Heuristic-Z,CausalImpact,Causal,2156.00815,1555.52927,141.7265,-0.0126
Bitcoin,BTC,D,D,5,Heuristic-Z,DML,Causal,2256.988237,1650.229419,199.9066,-0.1157
Bitcoin,BTC,D,D,5,Heuristic-Z,VAR+Granger,Causal,2164.699697,1553.376055,148.9662,-0.0305
Bitcoin,BTC,D,D,5,Heuristic-Z,IV-2SLS,Causal,2153.942959,1552.364615,136.0115,-0.018
Bitcoin,BTC,D,D,21,Heuristic-Z,CausalImpact,Causal,2294.916527,1644.402715,145.3413,-0.1297
Bitcoin,BTC,D,D,21,Heuristic-Z,DML,Causal,2188.114985,1638.091704,280.7162,-0.0435
Bitcoin,BTC,D,D,21,Heuristic-Z,VAR+Granger,Causal,2136.929583,1535.257264,116.4291,-0.0042
Bitcoin,BTC,D,D,21,Heuristic-Z,IV-2SLS,Causal,2129.803601,1534.130174,146.6471,0.0092
Bitcoin,BTC,D,D,1,Expert-DAG,CausalImpact,Causal,2153.309354,1551.397758,163.9875,-0.0174
Bitcoin,BTC,D,D,1,Expert-DAG,DML,Causal,2229.180309,1628.585696,249.8772,-0.0904
Bitcoin,BTC,D,D,1,Expert-DAG,VAR+Granger,Causal,2151.026701,1545.331679,150.1047,-0.0175
Bitcoin,BTC,D,D,1,Expert-DAG,IV-2SLS,Causal,2148.539479,1546.770259,122.6739,-0.0152
Bitcoin,BTC,D,D,5,Expert-DAG,CausalImpact,Causal,2163.279522,1564.564451,153.6462,-0.0195
Bitcoin,BTC,D,D,5,Expert-DAG,DML,Causal,2204.202048,1601.857519,195.3392,-0.0641
Bitcoin,BTC,D,D,5,Expert-DAG,VAR+Granger,Causal,2159.873374,1553.227254,141.9673,-0.0259
Bitcoin,BTC,D,D,5,Expert-DAG,IV-2SLS,Causal,2153.942959,1552.364615,136.0115,-0.018
Bitcoin,BTC,D,D,21,Expert-DAG,CausalImpact,Causal,2167.375929,1558.743499,125.0039,-0.0076
Bitcoin,BTC,D,D,21,Expert-DAG,DML,Causal,2176.33677,1611.107078,305.6843,-0.0323
Bitcoin,BTC,D,D,21,Expert-DAG,VAR+Granger,Causal,2136.8588,1535.267061,116.4769,-0.0042
Bitcoin,BTC,D,D,21,Expert-DAG,IV-2SLS,Causal,2129.803601,1534.130174,146.6471,0.0092
Bitcoin,BTC,D,D,1,PC-DAG,CausalImpact,Causal,2169.051863,1557.300944,149.9093,-0.0324
Bitcoin,BTC,D,D,1,PC-DAG,DML,Causal,2228.979129,1620.662083,196.5259,-0.0902
Bitcoin,BTC,D,D,1,PC-DAG,VAR+Granger,Causal,2151.026701,1545.331679,150.1047,-0.0175
Bitcoin,BTC,D,D,1,PC-DAG,IV-2SLS,Causal,2148.539479,1546.770259,122.6739,-0.0152
Bitcoin,BTC,D,D,5,PC-DAG,CausalImpact,Causal,2150.136119,1549.373227,136.9598,-0.0071
Bitcoin,BTC,D,D,5,PC-DAG,DML,Causal,2215.423353,1613.784368,219.3276,-0.075
Bitcoin,BTC,D,D,5,PC-DAG,VAR+Granger,Causal,2159.873374,1553.227254,141.9673,-0.0259
Bitcoin,BTC,D,D,5,PC-DAG,IV-2SLS,Causal,2153.942959,1552.364615,136.0115,-0.018
Bitcoin,BTC,D,D,21,PC-DAG,CausalImpact,Causal,2198.473213,1569.514564,133.4735,-0.0367
Bitcoin,BTC,D,D,21,PC-DAG,DML,Causal,2203.783925,1628.752567,287.0163,-0.0585
Bitcoin,BTC,D,D,21,PC-DAG,VAR+Granger,Causal,2136.8588,1535.267061,116.4769,-0.0042
Bitcoin,BTC,D,D,21,PC-DAG,IV-2SLS,Causal,2129.803601,1534.130174,146.6471,0.0092
Ethereum,ETH,D,D,1,Heuristic-Z,CausalImpact,Causal,127.663246,87.433011,681.1538,-0.2442
Ethereum,ETH,D,D,1,Heuristic-Z,DML,Causal,121.497983,84.527385,3118.6265,-0.1288
Ethereum,ETH,D,D,1,Heuristic-Z,VAR+Granger,Causal,116.777085,81.657276,3013.8199,-0.0434
Ethereum,ETH,D,D,1,Heuristic-Z,IV-2SLS,Causal,114.840417,78.816099,131.8126,-0.0091
Ethereum,ETH,D,D,5,Heuristic-Z,CausalImpact,Causal,117.523079,80.611914,357.2388,-0.0474
Ethereum,ETH,D,D,5,Heuristic-Z,DML,Causal,123.426533,85.213491,884.8435,-0.1623
Ethereum,ETH,D,D,5,Heuristic-Z,VAR+Granger,Causal,115.645807,78.998541,420.2838,-0.0233
Ethereum,ETH,D,D,5,Heuristic-Z,IV-2SLS,Causal,115.083119,79.210904,478.7569,-0.0127
Ethereum,ETH,D,D,21,Heuristic-Z,CausalImpact,Causal,113.533748,78.192493,448.3335,0.0438
Ethereum,ETH,D,D,21,Heuristic-Z,DML,Causal,120.714486,83.990694,3114.4838,-0.1059
Ethereum,ETH,D,D,21,Heuristic-Z,VAR+Granger,Causal,114.407665,78.326655,287.0027,-0.0015
Ethereum,ETH,D,D,21,Heuristic-Z,IV-2SLS,Causal,114.403664,78.517947,154.9993,0.0049
Ethereum,ETH,D,D,1,Expert-DAG,CausalImpact,Causal,114.502891,78.476429,292.282,-0.0009
Ethereum,ETH,D,D,1,Expert-DAG,DML,Causal,121.074947,84.289923,961.7743,-0.1209
Ethereum,ETH,D,D,1,Expert-DAG,VAR+Granger,Causal,115.366974,79.884191,1647.5974,-0.0184
Ethereum,ETH,D,D,1,Expert-DAG,IV-2SLS,Causal,114.840417,78.816099,131.8126,-0.0091
Ethereum,ETH,D,D,5,Expert-DAG,CausalImpact,Causal,115.029146,78.741383,420.6226,-0.0035
Ethereum,ETH,D,D,5,Expert-DAG,DML,Causal,128.870826,89.28767,3255.5985,-0.2671
Ethereum,ETH,D,D,5,Expert-DAG,VAR+Granger,Causal,115.008719,78.870886,697.3147,-0.0121
Ethereum,ETH,D,D,5,Expert-DAG,IV-2SLS,Causal,115.083119,79.210904,478.7569,-0.0127
Ethereum,ETH,D,D,21,Expert-DAG,CausalImpact,Causal,116.394044,79.855903,308.9972,-0.005
Ethereum,ETH,D,D,21,Expert-DAG,DML,Causal,120.854992,84.612538,3778.5679,-0.1085
Ethereum,ETH,D,D,21,Expert-DAG,VAR+Granger,Causal,114.406478,78.325543,286.5743,-0.0015
Ethereum,ETH,D,D,21,Expert-DAG,IV-2SLS,Causal,114.403664,78.517947,154.9993,0.0049
Ethereum,ETH,D,D,1,PC-DAG,CausalImpact,Causal,114.259727,78.379305,235.5228,0.0033
Ethereum,ETH,D,D,1,PC-DAG,DML,Causal,123.058101,85.589873,572.1312,-0.158
Ethereum,ETH,D,D,1,PC-DAG,VAR+Granger,Causal,115.366974,79.884191,1647.5974,-0.0184
Ethereum,ETH,D,D,1,PC-DAG,IV-2SLS,Causal,114.840417,78.816099,131.8126,-0.0091
Ethereum,ETH,D,D,5,PC-DAG,CausalImpact,Causal,115.441447,79.142448,235.9068,-0.0107
Ethereum,ETH,D,D,5,PC-DAG,DML,Causal,125.674397,84.910586,1088.692,-0.2051
Ethereum,ETH,D,D,5,PC-DAG,VAR+Granger,Causal,115.008719,78.870886,697.3147,-0.0121
Ethereum,ETH,D,D,5,PC-DAG,IV-2SLS,Causal,115.083119,79.210904,478.7569,-0.0127
Ethereum,ETH,D,D,21,PC-DAG,CausalImpact,Causal,117.730791,80.623104,609.1738,-0.0282
Ethereum,ETH,D,D,21,PC-DAG,DML,Causal,119.856957,84.216908,2956.3696,-0.0903
Ethereum,ETH,D,D,21,PC-DAG,VAR+Granger,Causal,114.406478,78.325543,286.5743,-0.0015
Ethereum,ETH,D,D,21,PC-DAG,IV-2SLS,Causal,114.403664,78.517947,154.9993,0.0049
WTI Oil,WTI_oil,A,D,1,Baseline (no Z),ARIMA,Baseline,2.369682,1.728759,445409361.0936,-0.9119
WTI Oil,WTI_oil,A,D,1,Baseline (no Z),Prophet,Baseline,1.653202,1.145785,1.589,0.9645
WTI Oil,WTI_oil,A,D,1,Baseline (no Z),RandomForest,Baseline,1.768112,1.230718,24491587.6139,-0.0628
WTI Oil,WTI_oil,A,D,1,Baseline (no Z),LSTM,Baseline,19.590041,17.723793,25.7192,-3.9787
WTI Oil,WTI_oil,A,D,5,Baseline (no Z),ARIMA,Baseline,2.369682,1.728759,445409361.0936,-0.9119
WTI Oil,WTI_oil,A,D,5,Baseline (no Z),Prophet,Baseline,1.653202,1.145785,1.589,0.9645
WTI Oil,WTI_oil,A,D,5,Baseline (no Z),RandomForest,Baseline,1.734007,1.225068,42776407.0649,-0.021
WTI Oil,WTI_oil,A,D,5,Baseline (no Z),LSTM,Baseline,41.16737,36.932189,53.6668,-20.8857
WTI Oil,WTI_oil,A,D,21,Baseline (no Z),ARIMA,Baseline,2.369682,1.728759,445409361.0936,-0.9119
WTI Oil,WTI_oil,A,D,21,Baseline (no Z),Prophet,Baseline,1.653202,1.145785,1.589,0.9645
WTI Oil,WTI_oil,A,D,21,Baseline (no Z),RandomForest,Baseline,1.721743,1.212549,50081471.0697,-0.0053
WTI Oil,WTI_oil,A,D,21,Baseline (no Z),LSTM,Baseline,43.159592,38.700748,56.565,-22.8573
Nat.Gas,NatGas,A,D,1,Baseline (no Z),ARIMA,Baseline,0.20115,0.110699,3.6618,0.9288
Nat.Gas,NatGas,A,D,1,Baseline (no Z),Prophet,Baseline,14.962384,12.346921,439.9348,-392.8483
Nat.Gas,NatGas,A,D,1,Baseline (no Z),RandomForest,Baseline,0.277165,0.153002,4.9948,0.8651
Nat.Gas,NatGas,A,D,1,Baseline (no Z),LSTM,Baseline,0.337587,0.253318,8.8446,0.7995
Nat.Gas,NatGas,A,D,5,Baseline (no Z),ARIMA,Baseline,0.20115,0.110699,3.6618,0.9288
Nat.Gas,NatGas,A,D,5,Baseline (no Z),Prophet,Baseline,14.962384,12.346921,439.9348,-392.8483
Nat.Gas,NatGas,A,D,5,Baseline (no Z),RandomForest,Baseline,0.450845,0.284577,9.4799,0.643
Nat.Gas,NatGas,A,D,5,Baseline (no Z),LSTM,Baseline,0.699857,0.577805,20.5509,0.1354
Nat.Gas,NatGas,A,D,21,Baseline (no Z),ARIMA,Baseline,0.20115,0.110699,3.6618,0.9288
Nat.Gas,NatGas,A,D,21,Baseline (no Z),Prophet,Baseline,14.962384,12.346921,439.9348,-392.8483
Nat.Gas,NatGas,A,D,21,Baseline (no Z),RandomForest,Baseline,0.667004,0.477291,16.6263,0.2223
Nat.Gas,NatGas,A,D,21,Baseline (no Z),LSTM,Baseline,0.819605,0.647355,24.27,-0.1729
Gold,Gold,A,D,1,Baseline (no Z),ARIMA,Baseline,68.130583,39.827293,9826312310.7485,-1.0895
Gold,Gold,A,D,1,Baseline (no Z),Prophet,Baseline,3200.383116,2127.781946,78.3293,-11.4091
Gold,Gold,A,D,1,Baseline (no Z),RandomForest,Baseline,47.792074,27.38243,2143811742.0984,-0.0257
Gold,Gold,A,D,1,Baseline (no Z),LSTM,Baseline,857.699997,661.176369,20.6513,0.1087
Gold,Gold,A,D,5,Baseline (no Z),ARIMA,Baseline,68.130583,39.827293,9826312310.7485,-1.0895
Gold,Gold,A,D,5,Baseline (no Z),Prophet,Baseline,3200.383116,2127.781946,78.3293,-11.4091
Gold,Gold,A,D,5,Baseline (no Z),RandomForest,Baseline,47.66737,27.156269,1571289294.645,-0.019
Gold,Gold,A,D,5,Baseline (no Z),LSTM,Baseline,1209.030879,897.823539,27.1462,-0.7713
Gold,Gold,A,D,21,Baseline (no Z),ARIMA,Baseline,68.130583,39.827293,9826312310.7485,-1.0895
Gold,Gold,A,D,21,Baseline (no Z),Prophet,Baseline,3200.383116,2127.781946,78.3293,-11.4091
Gold,Gold,A,D,21,Baseline (no Z),RandomForest,Baseline,47.824187,27.218401,933753302.6368,-0.0221
Gold,Gold,A,D,21,Baseline (no Z),LSTM,Baseline,1187.810398,923.34217,28.6159,-0.7068
EUR/USD,EURUSD,B,D,1,Baseline (no Z),ARIMA,Baseline,0.004929,0.003673,99.4018,-0.0003
EUR/USD,EURUSD,B,D,1,Baseline (no Z),Prophet,Baseline,1.418227,0.81556,73.9208,-1127.7928
EUR/USD,EURUSD,B,D,1,Baseline (no Z),RandomForest,Baseline,0.003393,0.002296,738527.0191,0.5269
EUR/USD,EURUSD,B,D,1,Baseline (no Z),LSTM,Baseline,0.015104,0.013421,1.2087,0.872
EUR/USD,EURUSD,B,D,5,Baseline (no Z),ARIMA,Baseline,0.004929,0.003673,99.4018,-0.0003
EUR/USD,EURUSD,B,D,5,Baseline (no Z),Prophet,Baseline,1.418227,0.81556,73.9208,-1127.7928
EUR/USD,EURUSD,B,D,5,Baseline (no Z),RandomForest,Baseline,0.004929,0.003665,214612.7537,0.0024
EUR/USD,EURUSD,B,D,5,Baseline (no Z),LSTM,Baseline,0.024714,0.02159,1.9367,0.6573
EUR/USD,EURUSD,B,D,21,Baseline (no Z),ARIMA,Baseline,0.004929,0.003673,99.4018,-0.0003
EUR/USD,EURUSD,B,D,21,Baseline (no Z),Prophet,Baseline,1.418227,0.81556,73.9208,-1127.7928
EUR/USD,EURUSD,B,D,21,Baseline (no Z),RandomForest,Baseline,0.004946,0.003692,84321.9095,-0.0016
EUR/USD,EURUSD,B,D,21,Baseline (no Z),LSTM,Baseline,0.033194,0.027179,2.4211,0.3892
GBP/USD,GBPUSD,B,D,1,Baseline (no Z),ARIMA,Baseline,0.005851,0.004516,99.641,-0.0004
GBP/USD,GBPUSD,B,D,1,Baseline (no Z),Prophet,Baseline,1.846081,1.030924,80.205,-1674.3067
GBP/USD,GBPUSD,B,D,1,Baseline (no Z),RandomForest,Baseline,0.004471,0.003377,663176.9478,0.4154
GBP/USD,GBPUSD,B,D,1,Baseline (no Z),LSTM,Baseline,0.045792,0.042848,3.301,-0.0308
GBP/USD,GBPUSD,B,D,5,Baseline (no Z),ARIMA,Baseline,0.005851,0.004516,99.641,-0.0004
GBP/USD,GBPUSD,B,D,5,Baseline (no Z),Prophet,Baseline,1.846081,1.030924,80.205,-1674.3067
GBP/USD,GBPUSD,B,D,5,Baseline (no Z),RandomForest,Baseline,0.005873,0.004519,54475.8071,-0.0085
GBP/USD,GBPUSD,B,D,5,Baseline (no Z),LSTM,Baseline,0.04452,0.039442,3.0235,0.0154
GBP/USD,GBPUSD,B,D,21,Baseline (no Z),ARIMA,Baseline,0.005851,0.004516,99.641,-0.0004
GBP/USD,GBPUSD,B,D,21,Baseline (no Z),Prophet,Baseline,1.846081,1.030924,80.205,-1674.3067
GBP/USD,GBPUSD,B,D,21,Baseline (no Z),RandomForest,Baseline,0.0059,0.004546,113489.4327,-0.0155
GBP/USD,GBPUSD,B,D,21,Baseline (no Z),LSTM,Baseline,0.030733,0.024755,1.9031,0.5224
USD/JPY,USDJPY,B,D,1,Baseline (no Z),ARIMA,Baseline,0.904634,0.674925,99.4019,-0.0017
USD/JPY,USDJPY,B,D,1,Baseline (no Z),Prophet,Baseline,,,,
USD/JPY,USDJPY,B,D,1,Baseline (no Z),RandomForest,Baseline,0.830464,0.616112,161596012.1283,0.1578
USD/JPY,USDJPY,B,D,1,Baseline (no Z),LSTM,Baseline,30.21192,27.551406,18.3147,-15.1383
USD/JPY,USDJPY,B,D,5,Baseline (no Z),ARIMA,Baseline,0.904634,0.674925,99.4019,-0.0017
USD/JPY,USDJPY,B,D,5,Baseline (no Z),Prophet,Baseline,,,,
USD/JPY,USDJPY,B,D,5,Baseline (no Z),RandomForest,Baseline,0.915053,0.687174,73017382.242,-0.0214
USD/JPY,USDJPY,B,D,5,Baseline (no Z),LSTM,Baseline,31.382403,27.833141,18.4599,-16.7442
USD/JPY,USDJPY,B,D,21,Baseline (no Z),ARIMA,Baseline,0.904634,0.674925,99.4019,-0.0017
USD/JPY,USDJPY,B,D,21,Baseline (no Z),Prophet,Baseline,,,,
USD/JPY,USDJPY,B,D,21,Baseline (no Z),RandomForest,Baseline,0.914377,0.681563,98901579.7405,-0.02
USD/JPY,USDJPY,B,D,21,Baseline (no Z),LSTM,Baseline,23.218604,19.960631,13.2488,-9.7473
CPI,CPI,C,ME,1,Baseline (no Z),ARIMA,Baseline,0.404415,0.337135,4955784882.7508,0.0102
CPI,CPI,C,ME,1,Baseline (no Z),Prophet,Baseline,,,,
CPI,CPI,C,ME,1,Baseline (no Z),RandomForest,Baseline,0.482944,0.408282,4239583967.9074,-0.3691
CPI,CPI,C,ME,1,Baseline (no Z),LSTM,Baseline,8.668067,8.359086,2.6317,-0.3207
CPI,CPI,C,ME,3,Baseline (no Z),ARIMA,Baseline,0.432861,0.363685,5658557144.7766,-0.1339
CPI,CPI,C,ME,3,Baseline (no Z),Prophet,Baseline,,,,
CPI,CPI,C,ME,3,Baseline (no Z),RandomForest,Baseline,0.468374,0.385612,3334144283.2864,-0.251
CPI,CPI,C,ME,3,Baseline (no Z),LSTM,Baseline,9.690537,9.530577,3.0014,-0.8754
CPI,CPI,C,ME,6,Baseline (no Z),ARIMA,Baseline,0.432861,0.363685,5658557144.7766,-0.1339
CPI,CPI,C,ME,6,Baseline (no Z),Prophet,Baseline,,,,
CPI,CPI,C,ME,6,Baseline (no Z),RandomForest,Baseline,0.401339,0.326673,4791299148.6245,0.0815
CPI,CPI,C,ME,6,Baseline (no Z),LSTM,Baseline,7.976125,7.640517,2.3915,-0.5771
IndProd,IndProd,C,ME,1,Baseline (no Z),ARIMA,Baseline,0.627251,0.511515,0.5074,0.4538
IndProd,IndProd,C,ME,1,Baseline (no Z),Prophet,Baseline,,,,
IndProd,IndProd,C,ME,1,Baseline (no Z),RandomForest,Baseline,0.763764,0.631258,0.6247,0.2303
IndProd,IndProd,C,ME,1,Baseline (no Z),LSTM,Baseline,0.897755,0.706011,0.6968,-0.1189
IndProd,IndProd,C,ME,3,Baseline (no Z),ARIMA,Baseline,0.7898,0.669677,0.6617,0.134
IndProd,IndProd,C,ME,3,Baseline (no Z),Prophet,Baseline,,,,
IndProd,IndProd,C,ME,3,Baseline (no Z),RandomForest,Baseline,1.195002,0.944308,0.934,-0.8741
IndProd,IndProd,C,ME,3,Baseline (no Z),LSTM,Baseline,1.009403,0.806836,0.7958,-0.3443
IndProd,IndProd,C,ME,6,Baseline (no Z),ARIMA,Baseline,1.088699,0.946171,0.9337,-0.6455
IndProd,IndProd,C,ME,6,Baseline (no Z),Prophet,Baseline,,,,
IndProd,IndProd,C,ME,6,Baseline (no Z),RandomForest,Baseline,1.011627,0.74778,0.7416,-0.3431
IndProd,IndProd,C,ME,6,Baseline (no Z),LSTM,Baseline,0.873915,0.716631,0.7087,0.0564
UMCSENT,UMCSENT,C,ME,1,Baseline (no Z),ARIMA,Baseline,4.182202,3.232432,91.8919,-0.0012
UMCSENT,UMCSENT,C,ME,1,Baseline (no Z),Prophet,Baseline,,,,
UMCSENT,UMCSENT,C,ME,1,Baseline (no Z),RandomForest,Baseline,4.112621,3.062103,2020877514.9412,0.0483
UMCSENT,UMCSENT,C,ME,1,Baseline (no Z),LSTM,Baseline,6.856673,5.508463,8.5584,0.2778
UMCSENT,UMCSENT,C,ME,3,Baseline (no Z),ARIMA,Baseline,4.182202,3.232432,91.8919,-0.0012
UMCSENT,UMCSENT,C,ME,3,Baseline (no Z),Prophet,Baseline,,,,
UMCSENT,UMCSENT,C,ME,3,Baseline (no Z),RandomForest,Baseline,3.988866,2.970945,3587495589.5607,0.0884
UMCSENT,UMCSENT,C,ME,3,Baseline (no Z),LSTM,Baseline,7.565428,6.310797,9.7341,0.1581
UMCSENT,UMCSENT,C,ME,6,Baseline (no Z),ARIMA,Baseline,4.182202,3.232432,91.8919,-0.0012
UMCSENT,UMCSENT,C,ME,6,Baseline (no Z),Prophet,Baseline,,,,
UMCSENT,UMCSENT,C,ME,6,Baseline (no Z),RandomForest,Baseline,4.114924,3.123511,3703759889.5395,0.0299
UMCSENT,UMCSENT,C,ME,6,Baseline (no Z),LSTM,Baseline,7.991758,6.910249,10.8839,0.1116
Bitcoin,BTC,D,D,1,Baseline (no Z),ARIMA,Baseline,2135.585438,1535.133643,122.9042,-0.003
Bitcoin,BTC,D,D,1,Baseline (no Z),Prophet,Baseline,,,,
Bitcoin,BTC,D,D,1,Baseline (no Z),RandomForest,Baseline,2152.670873,1547.830265,136.8062,-0.0149
Bitcoin,BTC,D,D,1,Baseline (no Z),LSTM,Baseline,10963.610482,8751.676286,10.2551,0.5176
Bitcoin,BTC,D,D,5,Baseline (no Z),ARIMA,Baseline,2136.730933,1535.025081,114.4039,-0.004
Bitcoin,BTC,D,D,5,Baseline (no Z),Prophet,Baseline,,,,
Bitcoin,BTC,D,D,5,Baseline (no Z),RandomForest,Baseline,2149.681907,1548.355983,174.301,-0.0121
Bitcoin,BTC,D,D,5,Baseline (no Z),LSTM,Baseline,11922.7802,9241.606198,10.988,0.4333
Bitcoin,BTC,D,D,21,Baseline (no Z),ARIMA,Baseline,2136.730932,1535.025104,114.4038,-0.004
Bitcoin,BTC,D,D,21,Baseline (no Z),Prophet,Baseline,,,,
Bitcoin,BTC,D,D,21,Baseline (no Z),RandomForest,Baseline,2145.116149,1550.41824,150.1781,-0.0008
Bitcoin,BTC,D,D,21,Baseline (no Z),LSTM,Baseline,24279.067111,19744.760749,23.086,-1.2701
Ethereum,ETH,D,D,1,Baseline (no Z),ARIMA,Baseline,114.605548,78.359525,538.5164,-0.005
Ethereum,ETH,D,D,1,Baseline (no Z),Prophet,Baseline,,,,
Ethereum,ETH,D,D,1,Baseline (no Z),RandomForest,Baseline,115.926074,79.027459,690.5029,-0.0254
Ethereum,ETH,D,D,1,Baseline (no Z),LSTM,Baseline,510.449957,423.342559,17.0571,0.6516
Ethereum,ETH,D,D,5,Baseline (no Z),ARIMA,Baseline,114.352153,78.289736,100.0014,-0.0006
Ethereum,ETH,D,D,5,Baseline (no Z),Prophet,Baseline,,,,
Ethereum,ETH,D,D,5,Baseline (no Z),RandomForest,Baseline,115.921742,79.203493,1033.3313,-0.0253
Ethereum,ETH,D,D,5,Baseline (no Z),LSTM,Baseline,688.535375,574.972425,24.7269,0.3707
Ethereum,ETH,D,D,21,Baseline (no Z),ARIMA,Baseline,114.352151,78.289736,100.0,-0.0006
Ethereum,ETH,D,D,21,Baseline (no Z),Prophet,Baseline,,,,
Ethereum,ETH,D,D,21,Baseline (no Z),RandomForest,Baseline,114.499638,78.542815,3332.8488,0.0056
Ethereum,ETH,D,D,21,Baseline (no Z),LSTM,Baseline,934.675056,804.602116,35.0166,-0.1202
